location,party,followers,sentiment,Total Valid Votes Polled in the State,TOTAL VALID VOTES POLLED BY PARTY
Andaman & Nicobar Islands,1,252,0.33399999999999996,188764,90969
Andaman & Nicobar Islands,1,1135,-0.136,188764,90969
Andaman & Nicobar Islands,1,398,0.16,188764,90969
Andaman & Nicobar Islands,1,1542,0.231,188764,90969
Andaman & Nicobar Islands,1,5130509,0.244,188764,90969
Andaman & Nicobar Islands,1,107,0.125,188764,90969
Andaman & Nicobar Islands,1,548,0.218,188764,90969
Andaman & Nicobar Islands,1,7490,0.48100000000000004,188764,90969
Andaman & Nicobar Islands,1,167,-0.282,188764,90969
Andaman & Nicobar Islands,1,838,-0.25,188764,90969
Andaman & Nicobar Islands,1,1486,0.22399999999999998,188764,90969
Andaman & Nicobar Islands,1,42235,0.191,188764,90969
Andaman & Nicobar Islands,1,32478,0.503,188764,90969
Andaman & Nicobar Islands,1,6374,0.159,188764,90969
Andaman & Nicobar Islands,1,813,-0.281,188764,90969
Andaman & Nicobar Islands,1,813,0.209,188764,90969
Andaman & Nicobar Islands,1,25,0.11199999999999999,188764,90969
Andaman & Nicobar Islands,1,1,0.47600000000000003,188764,90969
Andaman & Nicobar Islands,1,3196107,0.36700000000000005,188764,90969
Andaman & Nicobar Islands,1,8,0.27899999999999997,188764,90969
Andaman & Nicobar Islands,1,19,-0.231,188764,90969
Andaman & Nicobar Islands,1,154,0.32,188764,90969
Andaman & Nicobar Islands,1,24601,-0.29600000000000004,188764,90969
Andaman & Nicobar Islands,1,8976,-0.227,188764,90969
Andhra Pradesh,1,2930,-0.431,48026634,4091908
Andhra Pradesh,1,1442,0.278,48026634,4091908
Andhra Pradesh,1,111,-0.07899999999999999,48026634,4091908
Andhra Pradesh,1,854,0.22,48026634,4091908
Andhra Pradesh,1,1786,0.34700000000000003,48026634,4091908
Andhra Pradesh,1,126,0.385,48026634,4091908
Andhra Pradesh,1,1090,-0.256,48026634,4091908
Andhra Pradesh,1,386,0.301,48026634,4091908
Andhra Pradesh,1,854,0.408,48026634,4091908
Andhra Pradesh,1,2377,-0.10099999999999999,48026634,4091908
Andhra Pradesh,1,35,0.162,48026634,4091908
Andhra Pradesh,1,35,0.205,48026634,4091908
Andhra Pradesh,1,7534,0.249,48026634,4091908
Andhra Pradesh,1,7534,0.249,48026634,4091908
Andhra Pradesh,1,935,0.113,48026634,4091908
Andhra Pradesh,1,585,0.217,48026634,4091908
Andhra Pradesh,1,2172,-0.231,48026634,4091908
Andhra Pradesh,1,2570,0.018000000000000002,48026634,4091908
Andhra Pradesh,1,212,0.21899999999999997,48026634,4091908
Andhra Pradesh,1,60593,0.31,48026634,4091908
Andhra Pradesh,1,60593,-0.266,48026634,4091908
Andhra Pradesh,1,53,0.32,48026634,4091908
Andhra Pradesh,1,3,-0.28600000000000003,48026634,4091908
Andhra Pradesh,1,711,0.355,48026634,4091908
Andhra Pradesh,1,962,0.157,48026634,4091908
Andhra Pradesh,1,123,-0.198,48026634,4091908
Andhra Pradesh,1,16879,0.266,48026634,4091908
Andhra Pradesh,1,4785,0.31,48026634,4091908
Andhra Pradesh,1,398,0.16,48026634,4091908
Andhra Pradesh,1,8398,0.183,48026634,4091908
Andhra Pradesh,1,548,0.14400000000000002,48026634,4091908
Andhra Pradesh,1,7490,0.273,48026634,4091908
Andhra Pradesh,1,317,0.4,48026634,4091908
Andhra Pradesh,1,664,0.243,48026634,4091908
Andhra Pradesh,1,450,0.21100000000000002,48026634,4091908
Andhra Pradesh,1,157,0.084,48026634,4091908
Andhra Pradesh,1,813,-0.281,48026634,4091908
Andhra Pradesh,1,3,0.225,48026634,4091908
Andhra Pradesh,1,3196107,-0.298,48026634,4091908
Andhra Pradesh,1,12,-0.506,48026634,4091908
Andhra Pradesh,1,1018,-0.16000000000000006,48026634,4091908
Andhra Pradesh,1,8273,0.124,48026634,4091908
Arunachal Pradesh,1,299,0.16699999999999998,590635,275344
Arunachal Pradesh,1,238,0.16699999999999998,590635,275344
Arunachal Pradesh,1,332,-0.146,590635,275344
Arunachal Pradesh,1,194,-0.136,590635,275344
Arunachal Pradesh,1,18992,0.40700000000000003,590635,275344
Arunachal Pradesh,1,105,0.258,590635,275344
Arunachal Pradesh,1,16,-0.175,590635,275344
Arunachal Pradesh,1,8954,0.085,590635,275344
Arunachal Pradesh,1,2108,-0.258,590635,275344
Arunachal Pradesh,1,34633,0.315,590635,275344
Arunachal Pradesh,1,389,0.37200000000000005,590635,275344
Arunachal Pradesh,1,1267,0.162,590635,275344
Arunachal Pradesh,1,15,-0.254,590635,275344
Arunachal Pradesh,1,936,-0.159,590635,275344
Arunachal Pradesh,1,3,0.225,590635,275344
Arunachal Pradesh,1,1872,0.265,590635,275344
Arunachal Pradesh,1,3196107,-0.188,590635,275344
Arunachal Pradesh,1,8,0.105,590635,275344
Arunachal Pradesh,1,8,-0.34600000000000003,590635,275344
Arunachal Pradesh,1,1012,0.235,590635,275344
Arunachal Pradesh,1,35,0.423,590635,275344
Arunachal Pradesh,1,3529,0.33,590635,275344
Arunachal Pradesh,1,1,-0.27899999999999997,590635,275344
Assam,1,7043,0.3,14938826,5507152
Assam,1,7043,-0.273,14938826,5507152
Assam,1,7043,0.094,14938826,5507152
Assam,1,560,-0.13,14938826,5507152
Assam,1,299,0.16699999999999998,14938826,5507152
Assam,1,23,-0.152,14938826,5507152
Assam,1,238,-0.122,14938826,5507152
Assam,1,37,0.134,14938826,5507152
Assam,1,496,0.38,14938826,5507152
Assam,1,10536,-0.09,14938826,5507152
Assam,1,175,0.221,14938826,5507152
Assam,1,1979010,0.18,14938826,5507152
Assam,1,12031,0.402,14938826,5507152
Assam,1,43,0.423,14938826,5507152
Assam,1,16,-0.14300000000000002,14938826,5507152
Assam,1,3264,0.384,14938826,5507152
Assam,1,42235,-0.109,14938826,5507152
Assam,1,13,0.18899999999999997,14938826,5507152
Assam,1,67,-0.04500000000000001,14938826,5507152
Assam,1,106,-0.36200000000000004,14938826,5507152
Assam,1,18030,0.301,14938826,5507152
Assam,1,184,0.149,14938826,5507152
Assam,1,1012,0.103,14938826,5507152
Assam,1,3664,-0.41600000000000004,14938826,5507152
Assam,1,435,0.21100000000000002,14938826,5507152
Assam,1,246,0.599,14938826,5507152
Assam,1,6655,-0.14400000000000002,14938826,5507152
Assam,1,269,-0.14300000000000002,14938826,5507152
Bihar,1,1868,0.065,35304368,10543025
Bihar,1,129,-0.031,35304368,10543025
Bihar,1,106,-0.134,35304368,10543025
Bihar,1,8,-0.152,35304368,10543025
Bihar,1,14,0.262,35304368,10543025
Bihar,1,488,0.27,35304368,10543025
Bihar,1,299,-0.424,35304368,10543025
Bihar,1,422,-0.031,35304368,10543025
Bihar,1,18992,0.115,35304368,10543025
Bihar,1,1328,0.153,35304368,10543025
Bihar,1,203,0.115,35304368,10543025
Bihar,1,18992,0.337,35304368,10543025
Bihar,1,301,0.17300000000000001,35304368,10543025
Bihar,1,1424,0.5920000000000001,35304368,10543025
Bihar,1,5357,0.22399999999999998,35304368,10543025
Bihar,1,43,0.153,35304368,10543025
Bihar,1,643,0.48100000000000004,35304368,10543025
Bihar,1,12391,0.434,35304368,10543025
Bihar,1,184,0.149,35304368,10543025
Bihar,1,3196107,0.266,35304368,10543025
Bihar,1,8,-0.15,35304368,10543025
Bihar,1,732,0.355,35304368,10543025
Bihar,1,12,-0.22699999999999998,35304368,10543025
Bihar,1,3,0.066,35304368,10543025
Bihar,1,40110,0.218,35304368,10543025
Bihar,1,4593,-0.201,35304368,10543025
Chandigarh,1,725,0.27699999999999997,450349,191362
Chandigarh,1,725,-0.185,450349,191362
Chandigarh,1,105,0.11800000000000001,450349,191362
Chandigarh,1,22,0.057999999999999996,450349,191362
Chandigarh,1,105,-0.14,450349,191362
Chandigarh,1,357,0.053999999999999986,450349,191362
Chandigarh,1,218,0.578,450349,191362
Chandigarh,1,3370,0.13699999999999998,450349,191362
Chandigarh,1,4936,0.22,450349,191362
Chandigarh,1,4936,0.22,450349,191362
Chandigarh,1,2988,0.091,450349,191362
Chandigarh,1,919,0.08,450349,191362
Chandigarh,1,2235,-0.145,450349,191362
Chandigarh,1,4785,-0.406,450349,191362
Chandigarh,1,398,0.174,450349,191362
Chandigarh,1,1542,0.18899999999999997,450349,191362
Chandigarh,1,702,0.244,450349,191362
Chandigarh,1,107,0.11800000000000001,450349,191362
Chandigarh,1,3924,0.162,450349,191362
Chandigarh,1,1979010,0.172,450349,191362
Chandigarh,1,317,0.363,450349,191362
Chandigarh,1,1486,0.235,450349,191362
Chandigarh,1,55,-0.157,450349,191362
Chandigarh,1,6,0.406,450349,191362
Chandigarh,1,2,0.47600000000000003,450349,191362
Chandigarh,1,3196107,0.141,450349,191362
Chandigarh,1,154,0.098,450349,191362
Chandigarh,1,323,0.195,450349,191362
Chandigarh,1,8273,0.243,450349,191362
Chhattisgarh,1,283,0.275,12030690,5973904
Chhattisgarh,1,311,0.193,12030690,5973904
Chhattisgarh,1,80,-0.5,12030690,5973904
Chhattisgarh,1,21,0.125,12030690,5973904
Chhattisgarh,1,140,-0.11800000000000001,12030690,5973904
Chhattisgarh,1,296,-0.131,12030690,5973904
Chhattisgarh,1,47,0.46399999999999997,12030690,5973904
Chhattisgarh,1,172338,0.145,12030690,5973904
Chhattisgarh,1,2626,0.139,12030690,5973904
Chhattisgarh,1,5357,0.27699999999999997,12030690,5973904
Chhattisgarh,1,191,-0.171,12030690,5973904
Chhattisgarh,1,779,0.312,12030690,5973904
Chhattisgarh,1,3196119,0.292,12030690,5973904
Chhattisgarh,1,184,0.14300000000000002,12030690,5973904
Chhattisgarh,1,3196107,-0.188,12030690,5973904
Chhattisgarh,1,167,0.313,12030690,5973904
Chhattisgarh,1,186,0.17300000000000001,12030690,5973904
Chhattisgarh,1,8976,-0.215,12030690,5973904
Chhattisgarh,1,3,0.225,12030690,5973904
Chhattisgarh,1,41887,0.12,12030690,5973904
Chhattisgarh,1,93,-0.233,12030690,5973904
Chhattisgarh,1,195,-0.42,12030690,5973904
Tamil Nadu,1,393,0.076,40025367,2223566
Dadra & Nagar Haveli,1,204,0.183,162324,80790
Dadra & Nagar Haveli,1,127,0.359,162324,80790
Dadra & Nagar Haveli,1,356,-0.231,162324,80790
Dadra & Nagar Haveli,1,3358,-0.221,162324,80790
Dadra & Nagar Haveli,1,30,0.252,162324,80790
Dadra & Nagar Haveli,1,7490,0.061,162324,80790
Dadra & Nagar Haveli,1,130,0.261,162324,80790
Dadra & Nagar Haveli,1,335,0.253,162324,80790
Dadra & Nagar Haveli,1,86,0.14300000000000002,162324,80790
Dadra & Nagar Haveli,1,924,0.155,162324,80790
Dadra & Nagar Haveli,1,120,0.062,162324,80790
Dadra & Nagar Haveli,1,319,0.138,162324,80790
Dadra & Nagar Haveli,1,2221,0.18100000000000002,162324,80790
Dadra & Nagar Haveli,1,280,0.059000000000000004,162324,80790
Dadra & Nagar Haveli,1,569,0.099,162324,80790
Dadra & Nagar Haveli,1,3916,0.196,162324,80790
Dadra & Nagar Haveli,1,1486,0.22399999999999998,162324,80790
Dadra & Nagar Haveli,1,71,0.337,162324,80790
Dadra & Nagar Haveli,1,393,-0.142,162324,80790
Dadra & Nagar Haveli,1,2,0.16699999999999998,162324,80790
Dadra & Nagar Haveli,1,8273,0.155,162324,80790
Dadra & Nagar Haveli,1,6278,0.302,162324,80790
Dadra & Nagar Haveli,1,8,-0.138,162324,80790
Dadra & Nagar Haveli,1,191,-0.218,162324,80790
Dadra & Nagar Haveli,1,5,0.19,162324,80790
Dadra & Nagar Haveli,1,163,-0.11900000000000001,162324,80790
Dadra & Nagar Haveli,1,2391,0.242,162324,80790
Dadra & Nagar Haveli,1,2391,0.242,162324,80790
Daman & Diu,1,5973,-0.236,85917,46960
Daman & Diu,1,274,0.345,85917,46960
Daman & Diu,1,96,0.20600000000000002,85917,46960
Daman & Diu,1,144,-0.10300000000000001,85917,46960
Daman & Diu,1,2150,-0.105,85917,46960
Daman & Diu,1,630,-0.024999999999999998,85917,46960
Daman & Diu,1,548,0.364,85917,46960
Daman & Diu,1,86,0.513,85917,46960
Daman & Diu,1,8398,0.243,85917,46960
Daman & Diu,1,18992,0.209,85917,46960
Daman & Diu,1,159,0.111,85917,46960
Daman & Diu,1,1486,0.212,85917,46960
Daman & Diu,1,30,0.506,85917,46960
Daman & Diu,1,79,0.139,85917,46960
Daman & Diu,1,3,0.19899999999999998,85917,46960
Daman & Diu,1,393,-0.059000000000000004,85917,46960
Daman & Diu,1,156,0.109,85917,46960
Daman & Diu,1,396,0.33299999999999996,85917,46960
Daman & Diu,1,558,-0.18899999999999997,85917,46960
Daman & Diu,1,435,-0.441,85917,46960
Daman & Diu,1,65,-0.209,85917,46960
Uttarakhand,1,2483,0.125,4343847,2429698
Goa,1,330,-0.153,806897,436679
Goa,1,578,0.4,806897,436679
Goa,1,311,-0.139,806897,436679
Goa,1,805,0.40399999999999997,806897,436679
Goa,1,8929,-0.07899999999999999,806897,436679
Goa,1,130,0.261,806897,436679
Goa,1,85,0.171,806897,436679
Goa,1,6040,-0.17800000000000002,806897,436679
Goa,1,1196,0.19399999999999998,806897,436679
Goa,1,19960,-0.213,806897,436679
Goa,1,194,0.146,806897,436679
Goa,1,51,0.428,806897,436679
Goa,1,1785525,0.22,806897,436679
Goa,1,2626,0.332,806897,436679
Goa,1,5357,0.235,806897,436679
Goa,1,563,-0.48100000000000004,806897,436679
Goa,1,273,-0.121,806897,436679
Goa,1,5,0.583,806897,436679
Goa,1,2691,-0.07699999999999999,806897,436679
Goa,1,8,-0.043,806897,436679
Goa,1,8976,-0.215,806897,436679
Goa,1,3664,-0.276,806897,436679
Gujarat,1,2356,0.09,25369118,15249243
Gujarat,1,79,0.264,25369118,15249243
Gujarat,1,1418,-0.154,25369118,15249243
Gujarat,1,10717,-0.386,25369118,15249243
Gujarat,1,22319,0.172,25369118,15249243
Gujarat,1,3975,0.231,25369118,15249243
Gujarat,1,120,0.07700000000000001,25369118,15249243
Gujarat,1,915,0.198,25369118,15249243
Gujarat,1,883,-0.14300000000000002,25369118,15249243
Gujarat,1,3110,0.142,25369118,15249243
Gujarat,1,883,0.318,25369118,15249243
Gujarat,1,883,0.318,25369118,15249243
Gujarat,1,108,-0.16699999999999998,25369118,15249243
Gujarat,1,38,0.27899999999999997,25369118,15249243
Gujarat,1,38,0.326,25369118,15249243
Gujarat,1,174,0.158,25369118,15249243
Gujarat,1,66,-0.128,25369118,15249243
Gujarat,1,711,-0.153,25369118,15249243
Gujarat,1,188,0.07999999999999999,25369118,15249243
Gujarat,1,301,-0.147,25369118,15249243
Gujarat,1,7593,0.535,25369118,15249243
Gujarat,1,208,0.107,25369118,15249243
Gujarat,1,1279,0.14300000000000002,25369118,15249243
Gujarat,1,1279,0.14300000000000002,25369118,15249243
Gujarat,1,969,-0.239,25369118,15249243
Gujarat,1,1279,-0.20600000000000002,25369118,15249243
Gujarat,1,37,-0.135,25369118,15249243
Gujarat,1,37,-0.135,25369118,15249243
Gujarat,1,2,0.08900000000000001,25369118,15249243
Gujarat,1,64,0.085,25369118,15249243
Gujarat,1,64,-0.124,25369118,15249243
Gujarat,1,651,0.182,25369118,15249243
Gujarat,1,675,0.187,25369118,15249243
Gujarat,1,134,-0.35200000000000004,25369118,15249243
Gujarat,1,491,0.17600000000000002,25369118,15249243
Gujarat,1,181,0.257,25369118,15249243
Gujarat,1,318,0.28300000000000003,25369118,15249243
Gujarat,1,38,-0.209,25369118,15249243
Gujarat,1,838,-0.14300000000000002,25369118,15249243
Gujarat,1,1697,0.48200000000000004,25369118,15249243
Gujarat,1,3283,0.29100000000000004,25369118,15249243
Gujarat,1,79,0.225,25369118,15249243
Gujarat,1,449,0.354,25369118,15249243
Gujarat,1,130,0.34600000000000003,25369118,15249243
Gujarat,1,311,0.14300000000000002,25369118,15249243
Gujarat,1,55,0.162,25369118,15249243
Gujarat,1,156,-0.278,25369118,15249243
Gujarat,1,369,0.22399999999999998,25369118,15249243
Gujarat,1,7490,0.242,25369118,15249243
Gujarat,1,1979010,0.14,25369118,15249243
Gujarat,1,18992,0.162,25369118,15249243
Gujarat,1,1081,0.195,25369118,15249243
Gujarat,1,1486,0.235,25369118,15249243
Gujarat,1,249,0.037000000000000005,25369118,15249243
Gujarat,1,3196119,0.154,25369118,15249243
Gujarat,1,14,0.381,25369118,15249243
Gujarat,1,184,0.138,25369118,15249243
Gujarat,1,8,-0.136,25369118,15249243
Gujarat,1,8,0.326,25369118,15249243
Gujarat,1,53,0.14400000000000002,25369118,15249243
Gujarat,1,87,-0.27699999999999997,25369118,15249243
Gujarat,1,255,0.20199999999999999,25369118,15249243
Haryana,1,647,0.153,11460931,3993527
Haryana,1,1106,0.205,11460931,3993527
Haryana,1,100,0.12,11460931,3993527
Haryana,1,422,0.115,11460931,3993527
Haryana,1,28938,0.40299999999999997,11460931,3993527
Haryana,1,28938,0.231,11460931,3993527
Haryana,1,28938,0.583,11460931,3993527
Haryana,1,97,0.175,11460931,3993527
Haryana,1,182,-0.27,11460931,3993527
Haryana,1,312,0.26,11460931,3993527
Haryana,1,1254,-0.113,11460931,3993527
Haryana,1,1254,-0.113,11460931,3993527
Haryana,1,852,0.12,11460931,3993527
Haryana,1,1,0.375,11460931,3993527
Haryana,1,88,0.0040000000000000036,11460931,3993527
Haryana,1,793,0.39399999999999996,11460931,3993527
Haryana,1,94,-0.23600000000000002,11460931,3993527
Haryana,1,94,-0.228,11460931,3993527
Haryana,1,221,-0.115,11460931,3993527
Haryana,1,629,0.075,11460931,3993527
Haryana,1,194,-0.17600000000000002,11460931,3993527
Haryana,1,939,0.32799999999999996,11460931,3993527
Haryana,1,1301,-0.22,11460931,3993527
Haryana,1,1979010,-0.105,11460931,3993527
Haryana,1,51,-0.245,11460931,3993527
Haryana,1,1128,-0.221,11460931,3993527
Haryana,1,2626,0.332,11460931,3993527
Haryana,1,227,-0.19899999999999998,11460931,3993527
Haryana,1,31655,0.07999999999999999,11460931,3993527
Haryana,1,1486,0.27699999999999997,11460931,3993527
Haryana,1,757,-0.162,11460931,3993527
Haryana,1,393,-0.38299999999999995,11460931,3993527
Haryana,1,1392,-0.109,11460931,3993527
Haryana,1,8,-0.18100000000000002,11460931,3993527
Haryana,1,24601,-0.48100000000000004,11460931,3993527
Haryana,1,163,0.153,11460931,3993527
Himachal Pradesh,1,10373,-0.27899999999999997,3069345,1652995
Himachal Pradesh,1,1181,0.14300000000000002,3069345,1652995
Himachal Pradesh,1,974,0.126,3069345,1652995
Himachal Pradesh,1,311,-0.139,3069345,1652995
Himachal Pradesh,1,6738265,-0.155,3069345,1652995
Himachal Pradesh,1,8398,0.107,3069345,1652995
Himachal Pradesh,1,1439,-0.174,3069345,1652995
Himachal Pradesh,1,1204,0.495,3069345,1652995
Himachal Pradesh,1,19345,-0.342,3069345,1652995
Himachal Pradesh,1,1979010,-0.105,3069345,1652995
Himachal Pradesh,1,7490,0.015,3069345,1652995
Himachal Pradesh,1,1128,0.24600000000000002,3069345,1652995
Himachal Pradesh,1,85,0.14300000000000002,3069345,1652995
Himachal Pradesh,1,31655,0.07999999999999999,3069345,1652995
Himachal Pradesh,1,5357,-0.162,3069345,1652995
Himachal Pradesh,1,163,0.292,3069345,1652995
Himachal Pradesh,1,17,-0.145,3069345,1652995
Himachal Pradesh,1,13564,-0.28800000000000003,3069345,1652995
Himachal Pradesh,1,1709,0.306,3069345,1652995
Himachal Pradesh,1,143,-0.29600000000000004,3069345,1652995
Himachal Pradesh,1,8,-0.136,3069345,1652995
Himachal Pradesh,1,8,0.43700000000000006,3069345,1652995
Himachal Pradesh,1,4,0.077,3069345,1652995
Himachal Pradesh,1,80,-0.488,3069345,1652995
Himachal Pradesh,1,149,-0.017,3069345,1652995
Himachal Pradesh,1,10601,0.28600000000000003,3069345,1652995
Jammu & Kashmir,1,723,0.292,3535313,1154220
Jammu & Kashmir,1,30486,0.138,3535313,1154220
Jammu & Kashmir,1,30486,0.21600000000000003,3535313,1154220
Jammu & Kashmir,1,30486,-0.171,3535313,1154220
Jammu & Kashmir,1,150,0.353,3535313,1154220
Jammu & Kashmir,1,44,-0.172,3535313,1154220
Jammu & Kashmir,1,8861,-0.12300000000000001,3535313,1154220
Jammu & Kashmir,1,974,-0.126,3535313,1154220
Jammu & Kashmir,1,2007,0.326,3535313,1154220
Jammu & Kashmir,1,192,0.146,3535313,1154220
Jammu & Kashmir,1,240431,0.109,3535313,1154220
Jammu & Kashmir,1,397,0.33,3535313,1154220
Jammu & Kashmir,1,62,0.35100000000000003,3535313,1154220
Jammu & Kashmir,1,54945,0.405,3535313,1154220
Jammu & Kashmir,1,2150,0.136,3535313,1154220
Jammu & Kashmir,1,4153738,-0.205,3535313,1154220
Jammu & Kashmir,1,132,0.16699999999999998,3535313,1154220
Jammu & Kashmir,1,96,0.20600000000000002,3535313,1154220
Jammu & Kashmir,1,47,0.214,3535313,1154220
Jammu & Kashmir,1,31655,0.07999999999999999,3535313,1154220
Jammu & Kashmir,1,5357,0.212,3535313,1154220
Jammu & Kashmir,1,63546,0.139,3535313,1154220
Jammu & Kashmir,1,3789,0.198,3535313,1154220
Jammu & Kashmir,1,8,0.135,3535313,1154220
Jammu & Kashmir,1,8,-0.16699999999999998,3535313,1154220
Jharkhand,1,114,-0.243,12792013,5207439
Jharkhand,1,632,0.156,12792013,5207439
Jharkhand,1,332,0.14300000000000002,12792013,5207439
Jharkhand,1,764,-0.318,12792013,5207439
Jharkhand,1,974,-0.35100000000000003,12792013,5207439
Jharkhand,1,230,-0.231,12792013,5207439
Jharkhand,1,119,0.17800000000000002,12792013,5207439
Jharkhand,1,37,0.146,12792013,5207439
Jharkhand,1,18992,0.292,12792013,5207439
Jharkhand,1,122733,0.267,12792013,5207439
Jharkhand,1,606,0.162,12792013,5207439
Jharkhand,1,96,0.20600000000000002,12792013,5207439
Jharkhand,1,31655,0.07999999999999999,12792013,5207439
Jharkhand,1,5357,0.212,12792013,5207439
Jharkhand,1,1486,-0.16,12792013,5207439
Jharkhand,1,3,0.21100000000000002,12792013,5207439
Jharkhand,1,13566,0.063,12792013,5207439
Jharkhand,1,8,0.11900000000000001,12792013,5207439
Jharkhand,1,8,0.209,12792013,5207439
Jharkhand,1,336,0.134,12792013,5207439
Jharkhand,1,47,0.22399999999999998,12792013,5207439
Karnataka,1,2356,-0.135,30780980,13350285
Karnataka,1,2356,-0.154,30780980,13350285
Karnataka,1,129,-0.149,30780980,13350285
Karnataka,1,568,0.109,30780980,13350285
Karnataka,1,568,0.109,30780980,13350285
Karnataka,1,448,0.265,30780980,13350285
Karnataka,1,448,-0.195,30780980,13350285
Karnataka,1,904,0.152,30780980,13350285
Karnataka,1,298,0.231,30780980,13350285
Karnataka,1,904,0.152,30780980,13350285
Karnataka,1,1152,0.111,30780980,13350285
Karnataka,1,375,0.455,30780980,13350285
Karnataka,1,375,0.365,30780980,13350285
Karnataka,1,59,0.162,30780980,13350285
Karnataka,1,1659,0.203,30780980,13350285
Karnataka,1,205,-0.133,30780980,13350285
Karnataka,1,714,0.24100000000000002,30780980,13350285
Karnataka,1,226,0.318,30780980,13350285
Karnataka,1,1861,0.13,30780980,13350285
Karnataka,1,81,0.16699999999999998,30780980,13350285
Karnataka,1,93,0.095,30780980,13350285
Karnataka,1,692,0.24600000000000002,30780980,13350285
Karnataka,1,1429,-0.184,30780980,13350285
Karnataka,1,655,-0.106,30780980,13350285
Karnataka,1,382,0.326,30780980,13350285
Karnataka,1,5083,0.136,30780980,13350285
Karnataka,1,134,0.14,30780980,13350285
Karnataka,1,321,0.174,30780980,13350285
Karnataka,1,382,0.308,30780980,13350285
Karnataka,1,94,0.212,30780980,13350285
Karnataka,1,64,0.28600000000000003,30780980,13350285
Karnataka,1,632,0.084,30780980,13350285
Karnataka,1,632,0.264,30780980,13350285
Karnataka,1,632,0.255,30780980,13350285
Karnataka,1,1373,0.31,30780980,13350285
Karnataka,1,1373,-0.293,30780980,13350285
Karnataka,1,1373,-0.20199999999999999,30780980,13350285
Karnataka,1,4251,0.203,30780980,13350285
Karnataka,1,267,-0.149,30780980,13350285
Karnataka,1,674,0.24,30780980,13350285
Karnataka,1,820,0.08900000000000001,30780980,13350285
Karnataka,1,674,0.24,30780980,13350285
Karnataka,1,1406,-0.154,30780980,13350285
Karnataka,1,3105,0.218,30780980,13350285
Karnataka,1,471,0.20800000000000002,30780980,13350285
Karnataka,1,471,0.141,30780980,13350285
Karnataka,1,468,0.051,30780980,13350285
Karnataka,1,3378,0.14,30780980,13350285
Karnataka,1,56,0.3,30780980,13350285
Karnataka,1,56,0.3,30780980,13350285
Karnataka,1,206,0.45299999999999996,30780980,13350285
Karnataka,1,224,0.69,30780980,13350285
Karnataka,1,604,-0.15,30780980,13350285
Karnataka,1,604,0.33299999999999996,30780980,13350285
Karnataka,1,604,0.151,30780980,13350285
Karnataka,1,307,-0.20199999999999999,30780980,13350285
Karnataka,1,266,-0.106,30780980,13350285
Karnataka,1,3358,0.27399999999999997,30780980,13350285
Karnataka,1,230,-0.107,30780980,13350285
Karnataka,1,18992,0.23600000000000002,30780980,13350285
Karnataka,1,2551,-0.22,30780980,13350285
Karnataka,1,390,0.31,30780980,13350285
Karnataka,1,1004,0.517,30780980,13350285
Karnataka,1,96,0.20600000000000002,30780980,13350285
Karnataka,1,5357,-0.16,30780980,13350285
Karnataka,1,1486,0.201,30780980,13350285
Karnataka,1,26913,0.184,30780980,13350285
Karnataka,1,349,0.33299999999999996,30780980,13350285
Karnataka,1,185,-0.142,30780980,13350285
Karnataka,1,12391,0.184,30780980,13350285
Karnataka,1,8,0.57,30780980,13350285
Karnataka,1,6645,-0.17600000000000002,30780980,13350285
Karnataka,1,191,0.371,30780980,13350285
Kerala,1,134,-0.13,17765332,1856796
Kerala,1,290,0.22399999999999998,17765332,1856796
Kerala,1,1649,0.439,17765332,1856796
Kerala,1,1649,0.154,17765332,1856796
Kerala,1,181,0.268,17765332,1856796
Kerala,1,1797,0.205,17765332,1856796
Kerala,1,17965,-0.24,17765332,1856796
Kerala,1,297,0.3,17765332,1856796
Kerala,1,3658,0.24600000000000002,17765332,1856796
Kerala,1,2042,-0.106,17765332,1856796
Kerala,1,204,0.183,17765332,1856796
Kerala,1,60,0.182,17765332,1856796
Kerala,1,83904,0.17800000000000002,17765332,1856796
Kerala,1,8398,0.36,17765332,1856796
Kerala,1,18944,-0.268,17765332,1856796
Kerala,1,2981,0.259,17765332,1856796
Kerala,1,1486,0.22399999999999998,17765332,1856796
Kerala,1,34092,0.16699999999999998,17765332,1856796
Kerala,1,3196119,0.248,17765332,1856796
Kerala,1,8,-0.174,17765332,1856796
Kerala,1,15,0.162,17765332,1856796
Kerala,1,24601,-0.42,17765332,1856796
Lakshadweep,1,962,0.157,43116,187
Lakshadweep,1,2150,-0.14800000000000002,43116,187
Lakshadweep,1,10084,-0.11800000000000001,43116,187
Lakshadweep,1,600,0.146,43116,187
Lakshadweep,1,124,0.159,43116,187
Lakshadweep,1,332,0.126,43116,187
Lakshadweep,1,34783,0.061,43116,187
Lakshadweep,1,394,-0.156,43116,187
Lakshadweep,1,1486,0.22399999999999998,43116,187
Lakshadweep,1,3534,0.046,43116,187
Lakshadweep,1,71,-0.109,43116,187
Lakshadweep,1,12391,0.434,43116,187
Lakshadweep,1,3,0.19899999999999998,43116,187
Lakshadweep,1,28,-0.155,43116,187
Lakshadweep,1,14870,0.10800000000000001,43116,187
Lakshadweep,1,4,0.182,43116,187
Lakshadweep,1,8,-0.34600000000000003,43116,187
Lakshadweep,1,8,-0.12300000000000001,43116,187
Lakshadweep,1,558,-0.134,43116,187
Lakshadweep,1,435,-0.289,43116,187
Lakshadweep,1,12391,0.397,43116,187
Lakshadweep,1,24601,-0.451,43116,187
Lakshadweep,1,34,0.14400000000000002,43116,187
Lakshadweep,1,1,0.457,43116,187
Lakshadweep,1,49,0.09199999999999997,43116,187
Madhya Pradesh,1,2405,-0.353,29247970,16015695
Madhya Pradesh,1,799,0.524,29247970,16015695
Madhya Pradesh,1,54010,0.278,29247970,16015695
Madhya Pradesh,1,683,-0.14800000000000002,29247970,16015695
Madhya Pradesh,1,683,-0.14800000000000002,29247970,16015695
Madhya Pradesh,1,683,-0.14800000000000002,29247970,16015695
Madhya Pradesh,1,683,-0.14800000000000002,29247970,16015695
Madhya Pradesh,1,683,-0.14800000000000002,29247970,16015695
Madhya Pradesh,1,238,-0.183,29247970,16015695
Madhya Pradesh,1,1244,-0.184,29247970,16015695
Madhya Pradesh,1,316,0.298,29247970,16015695
Madhya Pradesh,1,115,-0.256,29247970,16015695
Madhya Pradesh,1,2727,0.214,29247970,16015695
Madhya Pradesh,1,236,0.128,29247970,16015695
Madhya Pradesh,1,236,0.128,29247970,16015695
Madhya Pradesh,1,236,0.405,29247970,16015695
Madhya Pradesh,1,11071,0.057999999999999996,29247970,16015695
Madhya Pradesh,1,11071,0.064,29247970,16015695
Madhya Pradesh,1,11071,0.061,29247970,16015695
Madhya Pradesh,1,11071,0.061,29247970,16015695
Madhya Pradesh,1,11071,0.071,29247970,16015695
Madhya Pradesh,1,11071,0.064,29247970,16015695
Madhya Pradesh,1,11071,0.223,29247970,16015695
Madhya Pradesh,1,11071,0.08,29247970,16015695
Madhya Pradesh,1,11071,0.061,29247970,16015695
Madhya Pradesh,1,11071,0.067,29247970,16015695
Madhya Pradesh,1,11071,0.064,29247970,16015695
Madhya Pradesh,1,1813,0.276,29247970,16015695
Madhya Pradesh,1,899,0.19899999999999998,29247970,16015695
Madhya Pradesh,1,84,-0.245,29247970,16015695
Madhya Pradesh,1,2551,0.314,29247970,16015695
Madhya Pradesh,1,3085573,-0.172,29247970,16015695
Madhya Pradesh,1,134241,-0.13799999999999998,29247970,16015695
Madhya Pradesh,1,548,-0.166,29247970,16015695
Madhya Pradesh,1,733,-0.302,29247970,16015695
Madhya Pradesh,1,256,-0.34700000000000003,29247970,16015695
Madhya Pradesh,1,7005,0.174,29247970,16015695
Madhya Pradesh,1,5357,0.27699999999999997,29247970,16015695
Madhya Pradesh,1,3823,0.213,29247970,16015695
Madhya Pradesh,1,71,0.098,29247970,16015695
Madhya Pradesh,1,210,-0.175,29247970,16015695
Madhya Pradesh,1,24602,-0.48100000000000004,29247970,16015695
Madhya Pradesh,1,608,-0.126,29247970,16015695
Madhya Pradesh,1,6655,0.213,29247970,16015695
Madhya Pradesh,1,40,-0.152,29247970,16015695
Madhya Pradesh,1,1601,0.17600000000000002,29247970,16015695
Madhya Pradesh,1,427962,0.298,29247970,16015695
Maharashtra,1,2930,0.289,48284248,13308961
Maharashtra,1,1148,0.261,48284248,13308961
Maharashtra,1,1148,0.091,48284248,13308961
Maharashtra,1,3776,-0.008999999999999994,48284248,13308961
Maharashtra,1,3776,0.147,48284248,13308961
Maharashtra,1,3776,0.158,48284248,13308961
Maharashtra,1,239,0.5,48284248,13308961
Maharashtra,1,714,0.09699999999999999,48284248,13308961
Maharashtra,1,714,0.21100000000000002,48284248,13308961
Maharashtra,1,210,0.33899999999999997,48284248,13308961
Maharashtra,1,602,-0.115,48284248,13308961
Maharashtra,1,602,-0.31,48284248,13308961
Maharashtra,1,602,-0.268,48284248,13308961
Maharashtra,1,602,-0.115,48284248,13308961
Maharashtra,1,602,-0.268,48284248,13308961
Maharashtra,1,602,-0.2,48284248,13308961
Maharashtra,1,602,-0.375,48284248,13308961
Maharashtra,1,602,-0.115,48284248,13308961
Maharashtra,1,602,0.13699999999999998,48284248,13308961
Maharashtra,1,867,-0.16699999999999998,48284248,13308961
Maharashtra,1,867,-0.32299999999999995,48284248,13308961
Maharashtra,1,2546,-0.13,48284248,13308961
Maharashtra,1,2547,0.355,48284248,13308961
Maharashtra,1,2547,0.11800000000000001,48284248,13308961
Maharashtra,1,2547,0.078,48284248,13308961
Maharashtra,1,748,0.125,48284248,13308961
Maharashtra,1,117,0.009999999999999995,48284248,13308961
Maharashtra,1,3883,0.195,48284248,13308961
Maharashtra,1,571,-0.14800000000000002,48284248,13308961
Maharashtra,1,65,-0.125,48284248,13308961
Maharashtra,1,237,-0.154,48284248,13308961
Maharashtra,1,237,-0.17800000000000002,48284248,13308961
Maharashtra,1,237,0.156,48284248,13308961
Maharashtra,1,322,0.252,48284248,13308961
Maharashtra,1,2803,0.245,48284248,13308961
Maharashtra,1,596,-0.385,48284248,13308961
Maharashtra,1,189,0.044000000000000004,48284248,13308961
Maharashtra,1,35,-0.15100000000000002,48284248,13308961
Maharashtra,1,106,-0.162,48284248,13308961
Maharashtra,1,1208,0.109,48284248,13308961
Maharashtra,1,569,0.292,48284248,13308961
Maharashtra,1,76,0.461,48284248,13308961
Maharashtra,1,1551,-0.32899999999999996,48284248,13308961
Maharashtra,1,1727,0.18100000000000002,48284248,13308961
Maharashtra,1,1727,0.18100000000000002,48284248,13308961
Maharashtra,1,834,0.128,48284248,13308961
Maharashtra,1,75,0.184,48284248,13308961
Maharashtra,1,35,0.13,48284248,13308961
Maharashtra,1,35,0.139,48284248,13308961
Maharashtra,1,489,0.39899999999999997,48284248,13308961
Maharashtra,1,253,0.204,48284248,13308961
Maharashtra,1,1090,0.242,48284248,13308961
Maharashtra,1,611,0.235,48284248,13308961
Maharashtra,1,443,0.257,48284248,13308961
Maharashtra,1,253,0.204,48284248,13308961
Maharashtra,1,342,0.38,48284248,13308961
Maharashtra,1,1542,0.37,48284248,13308961
Maharashtra,1,1683,0.24,48284248,13308961
Maharashtra,1,960,0.124,48284248,13308961
Maharashtra,1,447,0.182,48284248,13308961
Maharashtra,1,1423,0.205,48284248,13308961
Maharashtra,1,960,0.124,48284248,13308961
Maharashtra,1,447,0.182,48284248,13308961
Maharashtra,1,61,-0.418,48284248,13308961
Maharashtra,1,33,0.247,48284248,13308961
Maharashtra,1,1542,0.305,48284248,13308961
Maharashtra,1,241,0.149,48284248,13308961
Maharashtra,1,1481,0.298,48284248,13308961
Maharashtra,1,195,0.20600000000000002,48284248,13308961
Maharashtra,1,2718,0.098,48284248,13308961
Maharashtra,1,183,-0.25,48284248,13308961
Maharashtra,1,2922,0.15,48284248,13308961
Maharashtra,1,2384,0.27,48284248,13308961
Maharashtra,1,2384,-0.159,48284248,13308961
Maharashtra,1,2384,0.029,48284248,13308961
Maharashtra,1,2384,0.418,48284248,13308961
Maharashtra,1,2384,-0.12300000000000001,48284248,13308961
Maharashtra,1,2384,0.12,48284248,13308961
Maharashtra,1,2384,0.012000000000000009,48284248,13308961
Maharashtra,1,2384,-0.213,48284248,13308961
Maharashtra,1,2384,0.127,48284248,13308961
Maharashtra,1,2384,-0.07200000000000001,48284248,13308961
Maharashtra,1,2384,0.086,48284248,13308961
Maharashtra,1,2894,-0.153,48284248,13308961
Maharashtra,1,4791,0.111,48284248,13308961
Maharashtra,1,469,-0.142,48284248,13308961
Maharashtra,1,94,0.276,48284248,13308961
Maharashtra,1,4693,-0.19399999999999998,48284248,13308961
Maharashtra,1,94,0.2,48284248,13308961
Maharashtra,1,103,0.202,48284248,13308961
Maharashtra,1,935,0.318,48284248,13308961
Maharashtra,1,2885,-0.21899999999999997,48284248,13308961
Maharashtra,1,2885,0.17300000000000001,48284248,13308961
Maharashtra,1,427,-0.107,48284248,13308961
Maharashtra,1,6043,0.326,48284248,13308961
Maharashtra,1,44206,0.419,48284248,13308961
Maharashtra,1,1117,-0.231,48284248,13308961
Maharashtra,1,989,0.166,48284248,13308961
Maharashtra,1,1146,0.355,48284248,13308961
Maharashtra,1,45,-0.163,48284248,13308961
Maharashtra,1,45,-0.254,48284248,13308961
Maharashtra,1,17531,-0.184,48284248,13308961
Maharashtra,1,117,0.162,48284248,13308961
Maharashtra,1,77,0.213,48284248,13308961
Maharashtra,1,200,-0.22,48284248,13308961
Maharashtra,1,150,-0.263,48284248,13308961
Maharashtra,1,65,0.214,48284248,13308961
Maharashtra,1,65,0.125,48284248,13308961
Maharashtra,1,1397,0.182,48284248,13308961
Maharashtra,1,1397,0.195,48284248,13308961
Maharashtra,1,69,-0.15,48284248,13308961
Maharashtra,1,82,-0.021000000000000005,48284248,13308961
Maharashtra,1,3889,0.172,48284248,13308961
Maharashtra,1,310,-0.18899999999999997,48284248,13308961
Maharashtra,1,1354,-0.13,48284248,13308961
Maharashtra,1,3889,0.044000000000000004,48284248,13308961
Maharashtra,1,228,0.125,48284248,13308961
Maharashtra,1,21,0.36700000000000005,48284248,13308961
Maharashtra,1,766,0.244,48284248,13308961
Maharashtra,1,4673,0.359,48284248,13308961
Maharashtra,1,275,0.11599999999999999,48284248,13308961
Maharashtra,1,617,0.153,48284248,13308961
Maharashtra,1,418,0.52,48284248,13308961
Maharashtra,1,214,-0.101,48284248,13308961
Maharashtra,1,1083,-0.155,48284248,13308961
Maharashtra,1,59,-0.134,48284248,13308961
Maharashtra,1,59,0.084,48284248,13308961
Maharashtra,1,4311,0.29100000000000004,48284248,13308961
Maharashtra,1,788,0.263,48284248,13308961
Maharashtra,1,788,0.263,48284248,13308961
Maharashtra,1,788,0.263,48284248,13308961
Maharashtra,1,22639,-0.345,48284248,13308961
Maharashtra,1,199,0.163,48284248,13308961
Maharashtra,1,89,0.506,48284248,13308961
Maharashtra,1,89,0.451,48284248,13308961
Maharashtra,1,89,0.701,48284248,13308961
Maharashtra,1,89,0.5770000000000001,48284248,13308961
Maharashtra,1,89,0.531,48284248,13308961
Maharashtra,1,89,0.451,48284248,13308961
Maharashtra,1,89,0.451,48284248,13308961
Maharashtra,1,24880,0.37799999999999995,48284248,13308961
Maharashtra,1,202,0.073,48284248,13308961
Maharashtra,1,1016,0.214,48284248,13308961
Maharashtra,1,1016,-0.381,48284248,13308961
Maharashtra,1,177,-0.124,48284248,13308961
Maharashtra,1,16879,0.266,48284248,13308961
Maharashtra,1,497,0.25,48284248,13308961
Maharashtra,1,18501,0.18899999999999997,48284248,13308961
Maharashtra,1,256,0.188,48284248,13308961
Maharashtra,1,16226,0.159,48284248,13308961
Maharashtra,1,1659,0.264,48284248,13308961
Maharashtra,1,493,-0.168,48284248,13308961
Maharashtra,1,232,0.635,48284248,13308961
Maharashtra,1,5357,0.235,48284248,13308961
Maharashtra,1,524,-0.34600000000000003,48284248,13308961
Maharashtra,1,71,0.098,48284248,13308961
Maharashtra,1,1319,-0.27899999999999997,48284248,13308961
Maharashtra,1,3,0.19899999999999998,48284248,13308961
Maharashtra,1,3,0.21100000000000002,48284248,13308961
Maharashtra,1,3196119,-0.195,48284248,13308961
Maharashtra,1,1872,0.265,48284248,13308961
Maharashtra,1,8,0.326,48284248,13308961
Maharashtra,1,8,-0.34600000000000003,48284248,13308961
Maharashtra,1,372,0.265,48284248,13308961
Maharashtra,1,32,0.218,48284248,13308961
Maharashtra,1,317392,-0.271,48284248,13308961
Maharashtra,1,2274,-0.325,48284248,13308961
Maharashtra,1,184,0.392,48284248,13308961
Maharashtra,1,78,0.086,48284248,13308961
Maharashtra,1,571608,-0.252,48284248,13308961
Manipur,1,152,-0.155,1405132,168272
Manipur,1,4153697,0.318,1405132,168272
Manipur,1,4785,0.209,1405132,168272
Manipur,1,119,-0.10800000000000001,1405132,168272
Manipur,1,1806154,0.24100000000000002,1405132,168272
Manipur,1,54945,-0.213,1405132,168272
Manipur,1,86,0.14300000000000002,1405132,168272
Manipur,1,548,0.218,1405132,168272
Manipur,1,5636,0.094,1405132,168272
Manipur,1,177,0.154,1405132,168272
Manipur,1,2249,-0.22699999999999998,1405132,168272
Manipur,1,2784,-0.20600000000000002,1405132,168272
Manipur,1,5357,0.27699999999999997,1405132,168272
Manipur,1,691,0.20800000000000002,1405132,168272
Manipur,1,71,0.163,1405132,168272
Manipur,1,93934,-0.2,1405132,168272
Manipur,1,2,0.153,1405132,168272
Manipur,1,3,0.19899999999999998,1405132,168272
Manipur,1,1186,-0.16699999999999998,1405132,168272
Manipur,1,49,0.213,1405132,168272
Manipur,1,33,-0.121,1405132,168272
Manipur,1,13566,-0.12,1405132,168272
Manipur,1,3196107,-0.193,1405132,168272
Meghalaya,1,237,0.022999999999999996,1047913,95979
Meghalaya,1,237,0.022999999999999996,1047913,95979
Meghalaya,1,422,0.153,1047913,95979
Meghalaya,1,119,0.209,1047913,95979
Meghalaya,1,308,0.2,1047913,95979
Meghalaya,1,817,-0.264,1047913,95979
Meghalaya,1,447,-0.13699999999999998,1047913,95979
Meghalaya,1,256,0.188,1047913,95979
Meghalaya,1,71,-0.109,1047913,95979
Meghalaya,1,509,-0.08700000000000001,1047913,95979
Meghalaya,1,4,-0.06,1047913,95979
Meghalaya,1,5,-0.10400000000000001,1047913,95979
Meghalaya,1,2465,0.114,1047913,95979
Meghalaya,1,3,0.19899999999999998,1047913,95979
Meghalaya,1,402,0.15,1047913,95979
Meghalaya,1,8273,0.16399999999999998,1047913,95979
Meghalaya,1,8,0.43700000000000006,1047913,95979
Meghalaya,1,1257,0.016,1047913,95979
Meghalaya,1,5271,-0.16,1047913,95979
Meghalaya,1,12391,0.184,1047913,95979
Meghalaya,1,4094,-0.302,1047913,95979
Mizoram,1,176462,0.184,0,0
Mizoram,1,322,0.064,0,0
Mizoram,1,250,0.053,0,0
Mizoram,1,4,0.151,0,0
Mizoram,1,18992,0.162,0,0
Mizoram,1,548,0.14400000000000002,0,0
Mizoram,1,201,0.41200000000000003,0,0
Mizoram,1,256,0.21899999999999997,0,0
Mizoram,1,215,-0.193,0,0
Mizoram,1,622,0.402,0,0
Mizoram,1,1742,-0.223,0,0
Mizoram,1,2417,0.1,0,0
Mizoram,1,320,-0.163,0,0
Mizoram,1,3196119,-0.198,0,0
Mizoram,1,8,-0.16699999999999998,0,0
Mizoram,1,136,-0.253,0,0
Mizoram,1,0,0.253,0,0
Mizoram,1,317392,-0.386,0,0
Mizoram,1,393,0.132,0,0
Mizoram,1,1845,-0.064,0,0
Mizoram,1,149,-0.017,0,0
Nagaland,1,176472,-0.264,0,0
Nagaland,1,104946,0.13,0,0
Nagaland,1,398,0.147,0,0
Nagaland,1,11452,0.304,0,0
Nagaland,1,780,0.14400000000000002,0,0
Nagaland,1,3085573,-0.172,0,0
Nagaland,1,11452,-0.184,0,0
Nagaland,1,256,-0.236,0,0
Nagaland,1,78,-0.24,0,0
Nagaland,1,2245,0.17600000000000002,0,0
Nagaland,1,5357,-0.153,0,0
Nagaland,1,32479,0.16,0,0
Nagaland,1,1742,0.13,0,0
Nagaland,1,59,0.20800000000000002,0,0
Nagaland,1,3,0.21100000000000002,0,0
Nagaland,1,324,0.278,0,0
Nagaland,1,3,0.19899999999999998,0,0
Nagaland,1,131,-0.29600000000000004,0,0
Nagaland,1,119,-0.17,0,0
Nagaland,1,172,0.435,0,0
Nagaland,1,8,0.209,0,0
Nagaland,1,8,0.326,0,0
Nagaland,1,8273,0.064,0,0
Nagaland,1,8,-0.19699999999999998,0,0
Nagaland,1,12736,0.00399999999999999,0,0
Nagaland,1,1027,0.27399999999999997,0,0
NCT OF Delhi,1,1997,0.172,8232076,3838850
NCT OF Delhi,1,2930,0.13,8232076,3838850
NCT OF Delhi,1,8,0.248,8232076,3838850
NCT OF Delhi,1,8,0.114,8232076,3838850
NCT OF Delhi,1,1376,0.162,8232076,3838850
NCT OF Delhi,1,36,0.114,8232076,3838850
NCT OF Delhi,1,6810,0.19899999999999998,8232076,3838850
NCT OF Delhi,1,38,0.14300000000000002,8232076,3838850
NCT OF Delhi,1,95,0.19399999999999998,8232076,3838850
NCT OF Delhi,1,333,0.039000000000000014,8232076,3838850
NCT OF Delhi,1,333,0.036999999999999984,8232076,3838850
NCT OF Delhi,1,1202,0.162,8232076,3838850
NCT OF Delhi,1,187,0.24600000000000002,8232076,3838850
NCT OF Delhi,1,6810,0.03,8232076,3838850
NCT OF Delhi,1,3550,0.5,8232076,3838850
NCT OF Delhi,1,150,0.27899999999999997,8232076,3838850
NCT OF Delhi,1,367,-0.114,8232076,3838850
NCT OF Delhi,1,6810,0.163,8232076,3838850
NCT OF Delhi,1,503,-0.2,8232076,3838850
NCT OF Delhi,1,58,-0.172,8232076,3838850
NCT OF Delhi,1,351,-0.331,8232076,3838850
NCT OF Delhi,1,7435,-0.326,8232076,3838850
NCT OF Delhi,1,43,0.07,8232076,3838850
NCT OF Delhi,1,6810,-0.209,8232076,3838850
NCT OF Delhi,1,1376,-0.198,8232076,3838850
NCT OF Delhi,1,6521,0.335,8232076,3838850
NCT OF Delhi,1,3566,0.292,8232076,3838850
NCT OF Delhi,1,3566,-0.302,8232076,3838850
NCT OF Delhi,1,152,0.128,8232076,3838850
NCT OF Delhi,1,1152,-0.2,8232076,3838850
NCT OF Delhi,1,1152,-0.2,8232076,3838850
NCT OF Delhi,1,55520,0.162,8232076,3838850
NCT OF Delhi,1,55520,0.162,8232076,3838850
NCT OF Delhi,1,55520,0.162,8232076,3838850
NCT OF Delhi,1,55520,0.162,8232076,3838850
NCT OF Delhi,1,55520,0.264,8232076,3838850
NCT OF Delhi,1,55520,0.19699999999999998,8232076,3838850
NCT OF Delhi,1,55520,0.19699999999999998,8232076,3838850
NCT OF Delhi,1,1364,0.146,8232076,3838850
NCT OF Delhi,1,1364,0.075,8232076,3838850
NCT OF Delhi,1,1364,-0.155,8232076,3838850
NCT OF Delhi,1,891,0.184,8232076,3838850
NCT OF Delhi,1,1036,0.2,8232076,3838850
NCT OF Delhi,1,148,-0.24100000000000002,8232076,3838850
NCT OF Delhi,1,148,-0.13699999999999998,8232076,3838850
NCT OF Delhi,1,148,0.133,8232076,3838850
NCT OF Delhi,1,148,0.133,8232076,3838850
NCT OF Delhi,1,148,0.133,8232076,3838850
NCT OF Delhi,1,112,0.16699999999999998,8232076,3838850
NCT OF Delhi,1,148,-0.24100000000000002,8232076,3838850
NCT OF Delhi,1,148,-0.13699999999999998,8232076,3838850
NCT OF Delhi,1,288,0.24100000000000002,8232076,3838850
NCT OF Delhi,1,351,0.185,8232076,3838850
NCT OF Delhi,1,351,-0.221,8232076,3838850
NCT OF Delhi,1,758,0.213,8232076,3838850
NCT OF Delhi,1,351,-0.21899999999999997,8232076,3838850
NCT OF Delhi,1,332,-0.151,8232076,3838850
NCT OF Delhi,1,15964,-0.341,8232076,3838850
NCT OF Delhi,1,76,0.265,8232076,3838850
NCT OF Delhi,1,894,0.19899999999999998,8232076,3838850
NCT OF Delhi,1,2792,-0.32799999999999996,8232076,3838850
NCT OF Delhi,1,330,0.263,8232076,3838850
NCT OF Delhi,1,1913,-0.19699999999999998,8232076,3838850
NCT OF Delhi,1,239,-0.10099999999999999,8232076,3838850
NCT OF Delhi,1,184,0.057000000000000016,8232076,3838850
NCT OF Delhi,1,89,0.375,8232076,3838850
NCT OF Delhi,1,16610,0.307,8232076,3838850
NCT OF Delhi,1,29,0.256,8232076,3838850
NCT OF Delhi,1,29,0.256,8232076,3838850
NCT OF Delhi,1,30,0.451,8232076,3838850
NCT OF Delhi,1,123,0.07,8232076,3838850
NCT OF Delhi,1,225355,0.2,8232076,3838850
NCT OF Delhi,1,4,0.397,8232076,3838850
NCT OF Delhi,1,1444,0.172,8232076,3838850
NCT OF Delhi,1,818,0.138,8232076,3838850
NCT OF Delhi,1,545,-0.07800000000000001,8232076,3838850
NCT OF Delhi,1,36,-0.099,8232076,3838850
NCT OF Delhi,1,87,-0.192,8232076,3838850
NCT OF Delhi,1,1611,0.27,8232076,3838850
NCT OF Delhi,1,11526,-0.3,8232076,3838850
NCT OF Delhi,1,46,-0.302,8232076,3838850
NCT OF Delhi,1,11526,-0.292,8232076,3838850
NCT OF Delhi,1,476,0.361,8232076,3838850
NCT OF Delhi,1,139,0.226,8232076,3838850
NCT OF Delhi,1,316,-0.11599999999999999,8232076,3838850
NCT OF Delhi,1,798,0.129,8232076,3838850
NCT OF Delhi,1,1533,0.276,8232076,3838850
NCT OF Delhi,1,639,-0.294,8232076,3838850
NCT OF Delhi,1,911,0.32299999999999995,8232076,3838850
NCT OF Delhi,1,784,0.452,8232076,3838850
NCT OF Delhi,1,1394,0.33299999999999996,8232076,3838850
NCT OF Delhi,1,2047069,-0.174,8232076,3838850
NCT OF Delhi,1,98637,0.153,8232076,3838850
NCT OF Delhi,1,160,0.406,8232076,3838850
NCT OF Delhi,1,160,0.281,8232076,3838850
NCT OF Delhi,1,3979,-0.209,8232076,3838850
NCT OF Delhi,1,845,0.31,8232076,3838850
NCT OF Delhi,1,487,0.124,8232076,3838850
NCT OF Delhi,1,254,0.287,8232076,3838850
NCT OF Delhi,1,52,-0.025999999999999995,8232076,3838850
NCT OF Delhi,1,47826,-0.195,8232076,3838850
NCT OF Delhi,1,418,0.42700000000000005,8232076,3838850
NCT OF Delhi,1,150,0.111,8232076,3838850
NCT OF Delhi,1,3979,0.184,8232076,3838850
NCT OF Delhi,1,29,0.213,8232076,3838850
NCT OF Delhi,1,47826,-0.198,8232076,3838850
NCT OF Delhi,1,340,-0.16699999999999998,8232076,3838850
NCT OF Delhi,1,144,-0.162,8232076,3838850
NCT OF Delhi,1,2047082,0.153,8232076,3838850
NCT OF Delhi,1,2475125,-0.209,8232076,3838850
NCT OF Delhi,1,2047082,0.10400000000000001,8232076,3838850
NCT OF Delhi,1,47828,-0.345,8232076,3838850
NCT OF Delhi,1,10258,0.13,8232076,3838850
NCT OF Delhi,1,3089,0.163,8232076,3838850
NCT OF Delhi,1,2047082,0.13,8232076,3838850
NCT OF Delhi,1,47828,-0.39,8232076,3838850
NCT OF Delhi,1,2047082,-0.133,8232076,3838850
NCT OF Delhi,1,2047082,0.13,8232076,3838850
NCT OF Delhi,1,2047082,-0.179,8232076,3838850
NCT OF Delhi,1,47828,0.15,8232076,3838850
NCT OF Delhi,1,47828,-0.08499999999999999,8232076,3838850
NCT OF Delhi,1,551,-0.157,8232076,3838850
NCT OF Delhi,1,349,-0.40299999999999997,8232076,3838850
NCT OF Delhi,1,47828,0.205,8232076,3838850
NCT OF Delhi,1,150,-0.109,8232076,3838850
NCT OF Delhi,1,150,-0.109,8232076,3838850
NCT OF Delhi,1,150,-0.195,8232076,3838850
NCT OF Delhi,1,114558,-0.125,8232076,3838850
NCT OF Delhi,1,47828,-0.193,8232076,3838850
NCT OF Delhi,1,6809,-0.28600000000000003,8232076,3838850
NCT OF Delhi,1,646,0.126,8232076,3838850
NCT OF Delhi,1,535,-0.141,8232076,3838850
NCT OF Delhi,1,8355,-0.258,8232076,3838850
NCT OF Delhi,1,8355,0.192,8232076,3838850
NCT OF Delhi,1,8355,0.265,8232076,3838850
NCT OF Delhi,1,20558,-0.212,8232076,3838850
NCT OF Delhi,1,51,0.309,8232076,3838850
NCT OF Delhi,1,43,-0.187,8232076,3838850
NCT OF Delhi,1,4379,-0.292,8232076,3838850
NCT OF Delhi,1,154958,0.042,8232076,3838850
NCT OF Delhi,1,7576,-0.14400000000000002,8232076,3838850
NCT OF Delhi,1,7576,0.214,8232076,3838850
NCT OF Delhi,1,7576,0.156,8232076,3838850
NCT OF Delhi,1,60,-0.16699999999999998,8232076,3838850
NCT OF Delhi,1,1161,0.127,8232076,3838850
NCT OF Delhi,1,202,0.152,8232076,3838850
NCT OF Delhi,1,5973,0.16,8232076,3838850
NCT OF Delhi,1,652,0.141,8232076,3838850
NCT OF Delhi,1,717,-0.506,8232076,3838850
NCT OF Delhi,1,140,0.27699999999999997,8232076,3838850
NCT OF Delhi,1,172338,0.13699999999999998,8232076,3838850
NCT OF Delhi,1,54945,0.172,8232076,3838850
NCT OF Delhi,1,129,0.159,8232076,3838850
NCT OF Delhi,1,924,-0.18500000000000005,8232076,3838850
NCT OF Delhi,1,134241,-0.13799999999999998,8232076,3838850
NCT OF Delhi,1,394,0.311,8232076,3838850
NCT OF Delhi,1,88,0.507,8232076,3838850
NCT OF Delhi,1,21430,0.154,8232076,3838850
NCT OF Delhi,1,1486,0.22399999999999998,8232076,3838850
NCT OF Delhi,1,483,-0.276,8232076,3838850
NCT OF Delhi,1,138,-0.495,8232076,3838850
NCT OF Delhi,1,8,-0.209,8232076,3838850
NCT OF Delhi,1,18817,0.15,8232076,3838850
NCT OF Delhi,1,435,-0.17800000000000002,8232076,3838850
Odisha,1,495,0.091,21196117,4638565
Odisha,1,495,0.342,21196117,4638565
Odisha,1,104946,0.278,21196117,4638565
Odisha,1,322,-0.276,21196117,4638565
Odisha,1,7490,0.1,21196117,4638565
Odisha,1,210,0.295,21196117,4638565
Odisha,1,754,0.11200000000000003,21196117,4638565
Odisha,1,992,-0.042,21196117,4638565
Odisha,1,7490,0.015,21196117,4638565
Odisha,1,266,0.32799999999999996,21196117,4638565
Odisha,1,486,0.321,21196117,4638565
Odisha,1,5357,0.201,21196117,4638565
Odisha,1,1500,-0.299,21196117,4638565
Odisha,1,1317,0.107,21196117,4638565
Odisha,1,8,0.57,21196117,4638565
Odisha,1,483,0.105,21196117,4638565
Odisha,1,64,-0.124,21196117,4638565
Odisha,1,643,-0.222,21196117,4638565
Puducherry,1,5973,0.138,0,0
Puducherry,1,177,0.126,0,0
Puducherry,1,1997,0.19899999999999998,0,0
Puducherry,1,208,0.467,0,0
Puducherry,1,2352,0.19699999999999998,0,0
Puducherry,1,3555,0.16699999999999998,0,0
Puducherry,1,18992,0.162,0,0
Puducherry,1,40,-0.179,0,0
Puducherry,1,5,-0.109,0,0
Puducherry,1,323,0.172,0,0
Puducherry,1,447,0.23399999999999999,0,0
Puducherry,1,8,-0.231,0,0
Puducherry,1,353,-0.257,0,0
Puducherry,1,464,-0.358,0,0
Puducherry,1,13,-0.15,0,0
Punjab,1,1098,-0.15,13786378,1209004
Punjab,1,138,0.264,13786378,1209004
Punjab,1,2039,0.109,13786378,1209004
Punjab,1,6631,0.374,13786378,1209004
Punjab,1,6632,-0.184,13786378,1209004
Punjab,1,130,0.16699999999999998,13786378,1209004
Punjab,1,253,0.213,13786378,1209004
Punjab,1,230,0.114,13786378,1209004
Punjab,1,230,0.085,13786378,1209004
Punjab,1,230,0.085,13786378,1209004
Punjab,1,230,0.223,13786378,1209004
Punjab,1,230,0.353,13786378,1209004
Punjab,1,230,0.222,13786378,1209004
Punjab,1,230,0.223,13786378,1209004
Punjab,1,230,-0.145,13786378,1209004
Punjab,1,104946,0.13,13786378,1209004
Punjab,1,322,0.304,13786378,1209004
Punjab,1,1167,-0.289,13786378,1209004
Punjab,1,1542,0.345,13786378,1209004
Punjab,1,1457,-0.08700000000000001,13786378,1209004
Punjab,1,81,0.11599999999999999,13786378,1209004
Punjab,1,368,0.314,13786378,1209004
Punjab,1,174,0.267,13786378,1209004
Punjab,1,5357,-0.16,13786378,1209004
Punjab,1,691,0.124,13786378,1209004
Punjab,1,8,0.36700000000000005,13786378,1209004
Punjab,1,52,0.32,13786378,1209004
Punjab,1,8,0.43700000000000006,13786378,1209004
Punjab,1,12391,0.434,13786378,1209004
Punjab,1,2148,-0.08900000000000001,13786378,1209004
Punjab,1,231,0.111,13786378,1209004
Punjab,1,231,0.122,13786378,1209004
Rajasthan,1,558,0.075,26782731,14895106
Rajasthan,1,178,0.195,26782731,14895106
Rajasthan,1,82,0.289,26782731,14895106
Rajasthan,1,518,0.337,26782731,14895106
Rajasthan,1,409,0.162,26782731,14895106
Rajasthan,1,389,0.184,26782731,14895106
Rajasthan,1,1271,0.17600000000000002,26782731,14895106
Rajasthan,1,1271,0.188,26782731,14895106
Rajasthan,1,1271,0.45799999999999996,26782731,14895106
Rajasthan,1,1271,0.115,26782731,14895106
Rajasthan,1,1271,0.5,26782731,14895106
Rajasthan,1,1271,0.14300000000000002,26782731,14895106
Rajasthan,1,281,0.313,26782731,14895106
Rajasthan,1,741,-0.14300000000000002,26782731,14895106
Rajasthan,1,68,-0.22,26782731,14895106
Rajasthan,1,18723,0.42100000000000004,26782731,14895106
Rajasthan,1,450,0.19899999999999998,26782731,14895106
Rajasthan,1,2149,0.425,26782731,14895106
Rajasthan,1,8398,-0.138,26782731,14895106
Rajasthan,1,14,-0.193,26782731,14895106
Rajasthan,1,342,0.147,26782731,14895106
Rajasthan,1,1007,-0.231,26782731,14895106
Rajasthan,1,152,0.08,26782731,14895106
Rajasthan,1,397,-0.259,26782731,14895106
Rajasthan,1,454,0.16699999999999998,26782731,14895106
Rajasthan,1,106,-0.18899999999999997,26782731,14895106
Rajasthan,1,307,0.188,26782731,14895106
Rajasthan,1,3019,0.10300000000000001,26782731,14895106
Rajasthan,1,5357,0.252,26782731,14895106
Rajasthan,1,34634,0.213,26782731,14895106
Rajasthan,1,3,0.21100000000000002,26782731,14895106
Rajasthan,1,24602,-0.42,26782731,14895106
Rajasthan,1,3,0.21100000000000002,26782731,14895106
Rajasthan,1,8,0.36700000000000005,26782731,14895106
Rajasthan,1,3196119,-0.271,26782731,14895106
Rajasthan,1,249,0.124,26782731,14895106
Rajasthan,1,49,-0.19399999999999998,26782731,14895106
Rajasthan,1,49,-0.243,26782731,14895106
Sikkim,1,401,0.177,304635,7279
Sikkim,1,1422,-0.163,304635,7279
Sikkim,1,57,0.268,304635,7279
Sikkim,1,58,0.138,304635,7279
Sikkim,1,939,0.32799999999999996,304635,7279
Sikkim,1,398,0.174,304635,7279
Sikkim,1,18992,0.271,304635,7279
Sikkim,1,6801,-0.209,304635,7279
Sikkim,1,1443,0.102,304635,7279
Sikkim,1,5357,0.212,304635,7279
Sikkim,1,2187,-0.242,304635,7279
Sikkim,1,32479,0.47200000000000003,304635,7279
Sikkim,1,97,-0.109,304635,7279
Sikkim,1,12391,0.397,304635,7279
Sikkim,1,638,0.172,304635,7279
Sikkim,1,8,-0.16699999999999998,304635,7279
Sikkim,1,170,0.172,304635,7279
Tamil Nadu,1,361397,-0.1,40025367,2223566
Tamil Nadu,1,361397,0.41200000000000003,40025367,2223566
Tamil Nadu,1,361397,-0.1,40025367,2223566
Tamil Nadu,1,404,0.517,40025367,2223566
Tamil Nadu,1,1476,0.217,40025367,2223566
Tamil Nadu,1,361397,0.435,40025367,2223566
Tamil Nadu,1,28,-0.122,40025367,2223566
Tamil Nadu,1,1476,0.101,40025367,2223566
Tamil Nadu,1,1476,0.109,40025367,2223566
Tamil Nadu,1,1476,0.01899999999999999,40025367,2223566
Tamil Nadu,1,1476,0.364,40025367,2223566
Tamil Nadu,1,26028,0.132,40025367,2223566
Tamil Nadu,1,26028,-0.13,40025367,2223566
Tamil Nadu,1,123,0.21899999999999997,40025367,2223566
Tamil Nadu,1,123,0.23600000000000002,40025367,2223566
Tamil Nadu,1,404,0.28600000000000003,40025367,2223566
Tamil Nadu,1,123,0.21899999999999997,40025367,2223566
Tamil Nadu,1,123,0.23600000000000002,40025367,2223566
Tamil Nadu,1,404,0.28600000000000003,40025367,2223566
Tamil Nadu,1,4684,0.14400000000000002,40025367,2223566
Tamil Nadu,1,17097,0.07200000000000001,40025367,2223566
Tamil Nadu,1,162,0.292,40025367,2223566
Tamil Nadu,1,303,0.45399999999999996,40025367,2223566
Tamil Nadu,1,303,0.14400000000000002,40025367,2223566
Tamil Nadu,1,303,0.172,40025367,2223566
Tamil Nadu,1,303,0.172,40025367,2223566
Tamil Nadu,1,325,-0.387,40025367,2223566
Tamil Nadu,1,2539,0.095,40025367,2223566
Tamil Nadu,1,287,0.322,40025367,2223566
Tamil Nadu,1,2539,0.083,40025367,2223566
Tamil Nadu,1,360,-0.155,40025367,2223566
Tamil Nadu,1,3612,0.33299999999999996,40025367,2223566
Tamil Nadu,1,225,0.13699999999999998,40025367,2223566
Tamil Nadu,1,209,0.359,40025367,2223566
Tamil Nadu,1,53,-0.14,40025367,2223566
Tamil Nadu,1,67,-0.172,40025367,2223566
Tamil Nadu,1,1422,-0.163,40025367,2223566
Tamil Nadu,1,4674,-0.272,40025367,2223566
Tamil Nadu,1,128,0.11800000000000001,40025367,2223566
Tamil Nadu,1,398,0.16,40025367,2223566
Tamil Nadu,1,124,0.159,40025367,2223566
Tamil Nadu,1,107,0.14300000000000002,40025367,2223566
Tamil Nadu,1,429,-0.134,40025367,2223566
Tamil Nadu,1,368,0.27,40025367,2223566
Tamil Nadu,1,4367,0.10300000000000001,40025367,2223566
Tamil Nadu,1,14508,0.10300000000000001,40025367,2223566
Tamil Nadu,1,40,-0.142,40025367,2223566
Tamil Nadu,1,382,0.408,40025367,2223566
Tamil Nadu,1,5357,0.22399999999999998,40025367,2223566
Tamil Nadu,1,2187,-0.145,40025367,2223566
Tamil Nadu,1,539,0.115,40025367,2223566
Tamil Nadu,1,32479,0.6,40025367,2223566
Tamil Nadu,1,338,0.531,40025367,2223566
Tamil Nadu,1,19,-0.12300000000000001,40025367,2223566
Tamil Nadu,1,8273,0.124,40025367,2223566
Tamil Nadu,1,1686,0.18,40025367,2223566
Tamil Nadu,1,1601,0.188,40025367,2223566
Tripura,1,257,0.278,2000046,115319
Tripura,1,72,0.16399999999999998,2000046,115319
Tripura,1,5473,0.281,2000046,115319
Tripura,1,398,0.174,2000046,115319
Tripura,1,1542,0.177,2000046,115319
Tripura,1,107,0.14300000000000002,2000046,115319
Tripura,1,136,-0.142,2000046,115319
Tripura,1,18992,0.19699999999999998,2000046,115319
Tripura,1,6738326,0.19699999999999998,2000046,115319
Tripura,1,961,0.158,2000046,115319
Tripura,1,5357,0.22399999999999998,2000046,115319
Tripura,1,140,0.098,2000046,115319
Tripura,1,849,0.239,2000046,115319
Tripura,1,3,0.21100000000000002,2000046,115319
Tripura,1,3196119,-0.20600000000000002,2000046,115319
Tripura,1,8,0.209,2000046,115319
Tripura,1,9,-0.321,2000046,115319
Tripura,1,353,0.095,2000046,115319
Tripura,1,225,-0.282,2000046,115319
Tripura,1,8976,-0.156,2000046,115319
Uttar Pradesh,1,1997,0.172,80500789,34318854
Uttar Pradesh,1,6387,0.163,80500789,34318854
Uttar Pradesh,1,473,-0.289,80500789,34318854
Uttar Pradesh,1,911,0.261,80500789,34318854
Uttar Pradesh,1,911,0.261,80500789,34318854
Uttar Pradesh,1,956,0.099,80500789,34318854
Uttar Pradesh,1,8618,0.17600000000000002,80500789,34318854
Uttar Pradesh,1,8618,-0.171,80500789,34318854
Uttar Pradesh,1,69,0.36700000000000005,80500789,34318854
Uttar Pradesh,1,69,0.379,80500789,34318854
Uttar Pradesh,1,69,0.36700000000000005,80500789,34318854
Uttar Pradesh,1,5561,0.139,80500789,34318854
Uttar Pradesh,1,452,0.244,80500789,34318854
Uttar Pradesh,1,452,0.222,80500789,34318854
Uttar Pradesh,1,389,0.14,80500789,34318854
Uttar Pradesh,1,135,0.17,80500789,34318854
Uttar Pradesh,1,111,-0.162,80500789,34318854
Uttar Pradesh,1,378,0.17800000000000002,80500789,34318854
Uttar Pradesh,1,378,0.124,80500789,34318854
Uttar Pradesh,1,526,0.379,80500789,34318854
Uttar Pradesh,1,33,0.08900000000000001,80500789,34318854
Uttar Pradesh,1,7,0.16699999999999998,80500789,34318854
Uttar Pradesh,1,1891,0.28,80500789,34318854
Uttar Pradesh,1,1891,0.28,80500789,34318854
Uttar Pradesh,1,72343,0.10400000000000001,80500789,34318854
Uttar Pradesh,1,7363,0.196,80500789,34318854
Uttar Pradesh,1,7363,0.187,80500789,34318854
Uttar Pradesh,1,100,-0.254,80500789,34318854
Uttar Pradesh,1,39407,0.263,80500789,34318854
Uttar Pradesh,1,2052,-0.22399999999999998,80500789,34318854
Uttar Pradesh,1,25880,-0.162,80500789,34318854
Uttar Pradesh,1,60,-0.184,80500789,34318854
Uttar Pradesh,1,2325,0.225,80500789,34318854
Uttar Pradesh,1,123880,-0.2,80500789,34318854
Uttar Pradesh,1,291,0.392,80500789,34318854
Uttar Pradesh,1,3284091,-0.2,80500789,34318854
Uttar Pradesh,1,162,0.10400000000000001,80500789,34318854
Uttar Pradesh,1,2126,-0.198,80500789,34318854
Uttar Pradesh,1,53456,0.124,80500789,34318854
Uttar Pradesh,1,53456,-0.138,80500789,34318854
Uttar Pradesh,1,53456,0.125,80500789,34318854
Uttar Pradesh,1,53456,0.133,80500789,34318854
Uttar Pradesh,1,53456,0.161,80500789,34318854
Uttar Pradesh,1,7310,0.225,80500789,34318854
Uttar Pradesh,1,194,-0.245,80500789,34318854
Uttar Pradesh,1,1149,-0.27899999999999997,80500789,34318854
Uttar Pradesh,1,398,0.16,80500789,34318854
Uttar Pradesh,1,1542,0.161,80500789,34318854
Uttar Pradesh,1,107,0.125,80500789,34318854
Uttar Pradesh,1,134241,-0.13799999999999998,80500789,34318854
Uttar Pradesh,1,43,0.203,80500789,34318854
Uttar Pradesh,1,61,0.129,80500789,34318854
Uttar Pradesh,1,20,-0.11800000000000001,80500789,34318854
Uttar Pradesh,1,5357,0.212,80500789,34318854
Uttar Pradesh,1,32479,0.14300000000000002,80500789,34318854
Uttar Pradesh,1,3196107,-0.292,80500789,34318854
Uttar Pradesh,1,8,0.57,80500789,34318854
Uttar Pradesh,1,5,0.19,80500789,34318854
Uttar Pradesh,1,43,0.111,80500789,34318854
Uttar Pradesh,1,8976,-0.156,80500789,34318854
Uttar Pradesh,1,5001,-0.265,80500789,34318854
Uttarakhand,1,7490,0.242,4343847,2429698
Uttarakhand,1,58123,0.302,4343847,2429698
Uttarakhand,1,398,0.174,4343847,2429698
Uttarakhand,1,397,0.032,4343847,2429698
Uttarakhand,1,107,0.125,4343847,2429698
Uttarakhand,1,134241,-0.13799999999999998,4343847,2429698
Uttarakhand,1,3085573,-0.157,4343847,2429698
Uttarakhand,1,3904,0.321,4343847,2429698
Uttarakhand,1,7490,0.273,4343847,2429698
Uttarakhand,1,8,0.182,4343847,2429698
Uttarakhand,1,38,0.285,4343847,2429698
Uttarakhand,1,6750,0.259,4343847,2429698
Uttarakhand,1,3801,0.10099999999999999,4343847,2429698
Uttarakhand,1,5357,0.22399999999999998,4343847,2429698
Uttarakhand,1,17025,0.19899999999999998,4343847,2429698
Uttarakhand,1,1601,-0.316,4343847,2429698
Uttarakhand,1,112,-0.342,4343847,2429698
Uttarakhand,1,3196107,0.231,4343847,2429698
Uttarakhand,1,8,0.225,4343847,2429698
Uttarakhand,1,19,-0.209,4343847,2429698
Uttarakhand,1,122,-0.109,4343847,2429698
Uttarakhand,1,163,0.278,4343847,2429698
Uttarakhand,1,4203,0.337,4343847,2429698
Uttarakhand,1,34,0.14300000000000002,4343847,2429698
Uttarakhand,1,249,-0.19399999999999998,4343847,2429698
Uttarakhand,1,249,0.444,4343847,2429698
West Bengal,1,566,-0.18100000000000002,51060534,8692297
West Bengal,1,140,-0.20600000000000002,51060534,8692297
West Bengal,1,96,-0.377,51060534,8692297
West Bengal,1,96,-0.251,51060534,8692297
West Bengal,1,124,-0.175,51060534,8692297
West Bengal,1,243,0.19699999999999998,51060534,8692297
West Bengal,1,243,0.17800000000000002,51060534,8692297
West Bengal,1,344,0.287,51060534,8692297
West Bengal,1,45,0.469,51060534,8692297
West Bengal,1,45,-0.10599999999999997,51060534,8692297
West Bengal,1,107,-0.139,51060534,8692297
West Bengal,1,45,-0.13,51060534,8692297
West Bengal,1,45,-0.139,51060534,8692297
West Bengal,1,45,-0.152,51060534,8692297
West Bengal,1,99,0.382,51060534,8692297
West Bengal,1,6230,0.236,51060534,8692297
West Bengal,1,3658,-0.271,51060534,8692297
West Bengal,1,67,-0.215,51060534,8692297
West Bengal,1,67,-0.215,51060534,8692297
West Bengal,1,67,-0.215,51060534,8692297
West Bengal,1,67,-0.215,51060534,8692297
West Bengal,1,5472,0.261,51060534,8692297
West Bengal,1,858,0.21899999999999997,51060534,8692297
West Bengal,1,937,0.385,51060534,8692297
West Bengal,1,7310,0.11,51060534,8692297
West Bengal,1,899,0.19899999999999998,51060534,8692297
West Bengal,1,2812,0.37799999999999995,51060534,8692297
West Bengal,1,544,0.13,51060534,8692297
West Bengal,1,4367,0.434,51060534,8692297
West Bengal,1,1542,0.149,51060534,8692297
West Bengal,1,7906513,0.244,51060534,8692297
West Bengal,1,6750,0.259,51060534,8692297
West Bengal,1,5357,0.22399999999999998,51060534,8692297
West Bengal,1,42235,-0.012999999999999998,51060534,8692297
West Bengal,1,4659,0.34,51060534,8692297
West Bengal,1,25,0.259,51060534,8692297
West Bengal,1,991,0.07500000000000001,51060534,8692297
West Bengal,1,365,-0.22899999999999998,51060534,8692297
West Bengal,1,3196119,0.128,51060534,8692297
West Bengal,1,8,-0.268,51060534,8692297
West Bengal,1,1543,-0.146,51060534,8692297
West Bengal,1,8976,-0.227,51060534,8692297
